file_size	file_name	download_status
962.52	408) World History Class 15 - 240723.mp4	NOT_UPLOADED
963.28	407) World History Class 14 - 230723.mp4	NOT_UPLOADED
947.66	406) World History Class 13 - 200723.mp4	NOT_UPLOADED
1052.94	405) World History Class 12 - 130723.mp4	NOT_UPLOADED
1052.09	404) World History Class 11 - 070723.mp4	NOT_UPLOADED
910.94	403) World History Class 10 - 060723.mp4	NOT_UPLOADED
973.24	402) World History Class 09 - 030623.mp4	NOT_UPLOADED
956.29	401) World History Class 08 - 020623.mp4	NOT_UPLOADED
1019.56	400) World History Class 07 - 310523.mp4	NOT_UPLOADED
1032.66	399) World History Class 06 - 280523.mp4	NOT_UPLOADED
996.76	398) World History Class 05 - 270523.mp4	NOT_UPLOADED
1080.61	397) World History Class 04 - 260523.mp4	NOT_UPLOADED
1095.85	396) World History Class 03 - 230523.mp4	NOT_UPLOADED
1008.99	395) World History Class 02 - 220523.mp4	NOT_UPLOADED
1042.66	394) World History Class 01 - 200523.mp4	NOT_UPLOADED
564.31	393) Social justice Class 05 - 190124.mp4	NOT_UPLOADED
829.53	392) Social Justice Class 04 - 180124.mp4	NOT_UPLOADED
936.46	391) Social Justice Class 03 - 170124.mp4	NOT_UPLOADED
677.55	390) Social Justice Class 02 - 150124.mp4	NOT_UPLOADED
600.98	389) Social Justice Class 01 - 150124.mp4	NOT_UPLOADED
940.24	388) Society Class 14 - 120124.mp4	NOT_UPLOADED
713.41	387) Society Class 13 - 110124.mp4	NOT_UPLOADED
920.79	386) Society Class 12 - 110124.mp4	NOT_UPLOADED
909.79	385) Society Class 11 - 100124.mp4	NOT_UPLOADED
868.64	384) Society Class 10 - 090124.mp4	NOT_UPLOADED
905.65	383) Society Class 09 - 080124.mp4	NOT_UPLOADED
852.93	382) Society Class 08 - 080124.mp4	NOT_UPLOADED
688.5	381) Society Class 07 - 221223.mp4	NOT_UPLOADED
1090.12	380) Society Class 06 - 211223.mp4	NOT_UPLOADED
883.32	379) Society Class 05 - 201223.mp4	NOT_UPLOADED
1219.01	378) Society Class 04 - 191223.mp4	NOT_UPLOADED
1342.17	377) Society Class 03 - 181223.mp4	NOT_UPLOADED
970.0	376) Society Class 02 - 141223.mp4	NOT_UPLOADED
931.56	375) Society Class 01 - 131223.mp4	NOT_UPLOADED
775.66	374) Security Class 11 - 281223.mp4	NOT_UPLOADED
1075.09	373) Security Class 10 - 241223.mp4	NOT_UPLOADED
1029.15	372) Security Class 09 - 171223.mp4	NOT_UPLOADED
967.06	371) Security Class 08 - 161223.mp4	NOT_UPLOADED
1005.74	370) Security Class 07 - 151223.mp4	NOT_UPLOADED
858.43	369) Security Class 06 - 131223.mp4	NOT_UPLOADED
870.02	368) Security Class 05 - 151123.mp4	NOT_UPLOADED
973.24	367) Security Class 04 - 071123.mp4	NOT_UPLOADED
926.25	366) Security Class 03 - 011123.mp4	NOT_UPLOADED
1035.0	365) Security Class 02 - 261023.mp4	NOT_UPLOADED
768.49	364) Security Class 01 - 231023.mp4	NOT_UPLOADED
1107.15	363) Science and Technology Class 18 - 030623.mp4	NOT_UPLOADED
1072.14	362) Science and Technology Class 17 - 010623.mp4	NOT_UPLOADED
1007.2	361) Science and Technology Class 16 - 170523.mp4	NOT_UPLOADED
1111.73	360) Science and Technology Class 15 - 160523.mp4	NOT_UPLOADED
1026.63	359) Science and Technology Class 14 - 150523.mp4	NOT_UPLOADED
1032.95	358) Science and Technology Class 13 - 080523.mp4	NOT_UPLOADED
1032.33	357) Science and Technology Class 12 - 050523.mp4	NOT_UPLOADED
999.0	356) Science and Technology Class 11  - 040523.mp4	NOT_UPLOADED
1025.35	355) Science and Technology Class 10 - 030523.mp4	NOT_UPLOADED
1020.59	354) Science and Technology Class 09 - 020523.mp4	NOT_UPLOADED
1081.34	353) Science and Technology Class 08 - 240223.mp4	NOT_UPLOADED
1064.66	352) Science and Technology Class 07 - 230223.mp4	NOT_UPLOADED
1049.5	351) Science and Technology Class 06 - 220223.mp4	NOT_UPLOADED
1056.28	350) Science and Technology Class 05 - 160223.mp4	NOT_UPLOADED
1084.38	349) Science and Technology Class 04 - 150223.mp4	NOT_UPLOADED
1050.81	348) Science and Technology Class 03 - 140223.mp4	NOT_UPLOADED
1037.74	347) Science and Technology Class 02 - 090223.mp4	NOT_UPLOADED
1088.38	346) Science and Technology Class 01 - 080223.mp4	NOT_UPLOADED
1250.53	345) Post Independence India Class 07 - 140523.mp4	NOT_UPLOADED
1218.28	344) Post Independence India Class 06 - 060523.mp4	NOT_UPLOADED
1225.81	343) Post Independence India Class 05 - 040523.mp4	NOT_UPLOADED
1170.51	342) Post Independence India Class 04 - 300423.mp4	NOT_UPLOADED
1248.89	341) Post Independence India Class 03 - 280423.mp4	NOT_UPLOADED
1206.61	340) Post Independence India Class 02 - 190423.mp4	NOT_UPLOADED
1219.37	339) Post Independence India Class 01 - 060423.mp4	NOT_UPLOADED
914.2	338) Governance Class 14 - 281023.mp4	NOT_UPLOADED
806.33	337) Governance Class 13 - 271023.mp4	NOT_UPLOADED
1056.14	336) Governance Class 12 - 221023.mp4	NOT_UPLOADED
1076.02	335) Governance Class 11 - 211023.mp4	NOT_UPLOADED
806.68	334) Governance Class 10 - 201023.mp4	NOT_UPLOADED
822.86	333) Governance Class 09 - 131023.mp4	NOT_UPLOADED
1072.19	332) Governance Class 08 - 081023.mp4	NOT_UPLOADED
1038.55	331) Governance Class 07 - 071023.mp4	NOT_UPLOADED
1077.67	330) Governance Class 06 - 061023.mp4	NOT_UPLOADED
854.03	329) Governance Class 05 - 051023.mp4	NOT_UPLOADED
1030.69	328) Governance Class 04 - 011023.mp4	NOT_UPLOADED
1083.2	327) Governance Class 03 - 300923.mp4	NOT_UPLOADED
1051.71	326) Governance Class 02 - 290923.mp4	NOT_UPLOADED
1064.6	325) Governance Class 01 - 280923.mp4	NOT_UPLOADED
1108.58	324) Polity Class 42 - 130823.mp4	NOT_UPLOADED
1055.02	323) Polity Class 41 - 050823.mp4	NOT_UPLOADED
1081.07	322) Polity Class 40 - 040823.mp4	NOT_UPLOADED
1055.31	321) Polity Class 39 - 020823.mp4	NOT_UPLOADED
1062.61	320) Polity Class 38 - 300723.mp4	NOT_UPLOADED
1033.8	319) Polity Class 37 - 290723.mp4	NOT_UPLOADED
1082.5	318) Polity Class 36 - 270723.mp4	NOT_UPLOADED
1065.41	317) Polity Class 35 - 220723.mp4	NOT_UPLOADED
1055.43	316) Polity Class 34 - 210723.mp4	NOT_UPLOADED
976.85	315) Polity Class 33 - 080723.mp4	NOT_UPLOADED
1101.59	314) Polity Class 32 - 040723.mp4	NOT_UPLOADED
1084.97	313) Polity Class 31 - 010723.mp4	NOT_UPLOADED
1083.28	312) Polity Class 30 - 300623.mp4	NOT_UPLOADED
1087.47	311) Polity Class 29 - 280623.mp4	NOT_UPLOADED
1092.28	310) Polity Class 28 - 070623.mp4	NOT_UPLOADED
1114.16	309) Polity Class 27 - 060623.mp4	NOT_UPLOADED
1099.81	308) Polity Class 26 - 050623.mp4	NOT_UPLOADED
1112.55	307) Polity Class 25 - 180423.mp4	NOT_UPLOADED
1056.29	306) Polity Class 24 - 130423.mp4	NOT_UPLOADED
1104.62	305) Polity Class 23 - 120423.mp4	NOT_UPLOADED
1093.17	304) Polity Class 22 - 110423.mp4	NOT_UPLOADED
1099.52	303) Polity Class 21 - 100423.mp4	NOT_UPLOADED
1092.85	302) Polity Class 20 - 080423.mp4	NOT_UPLOADED
1088.82	301) Polity Class 19 - 070423.mp4	NOT_UPLOADED
1072.12	300) Polity Class 18 - 050423.mp4	NOT_UPLOADED
1087.41	299) Polity Class 17 - 040423.mp4	NOT_UPLOADED
1051.27	298) Polity Class 16 - 030423.mp4	NOT_UPLOADED
1103.37	297) Polity Class 15 - 300323.mp4	NOT_UPLOADED
1113.4	296) Polity Class 14 - 290323.mp4	NOT_UPLOADED
1119.39	295) Polity Class 13 - 270323.mp4	NOT_UPLOADED
1143.64	294) Polity Class 12 - 250323.mp4	NOT_UPLOADED
1119.71	293) Polity Class 11 - 240323.mp4	NOT_UPLOADED
1102.45	292) Polity Class 10 - 230323.mp4	NOT_UPLOADED
1133.59	291) Polity Class 09 - 180323.mp4	NOT_UPLOADED
1144.96	290) Polity Class 08 - 150323.mp4	NOT_UPLOADED
1117.64	289) Polity Class 07 - 140323.mp4	NOT_UPLOADED
1141.56	288) Polity Class 06 - 130323.mp4	NOT_UPLOADED
1133.16	287) Polity Class 05 - 110323.mp4	NOT_UPLOADED
1138.58	286) Polity Class 04 - 100323.mp4	NOT_UPLOADED
1076.16	285) Polity Class 03 - 030323.mp4	NOT_UPLOADED
1090.53	284) Polity Class 02 - 010323.mp4	NOT_UPLOADED
1086.99	283) Polity Class 01 - 270223.mp4	NOT_UPLOADED
297.36	282) Introduction Class - 111022.mp4	NOT_UPLOADED
1029.86	281) Interview Session by LC Patnaik Sir - 030923.mp4	NOT_UPLOADED
1212.7	280) Topper's talk with Aayush Goel (Rank 171) - 040723.mp4	NOT_UPLOADED
Error processing file info: 'NoneType' object has no attribute 'startswith'
973.34	278) Topper's Talk with Vidushi Singh (Rank 13) - 240623.mp4	NOT_UPLOADED
Error processing file info: 'NoneType' object has no attribute 'startswith'
723.43	276) Topper's Talk by Tushar Kumar (Rank - 44) - 180623.mp4	NOT_UPLOADED
723.52	275) Topper's Talk with Kasturi Panda (Rank 67) - 170623.mp4	NOT_UPLOADED
812.23	274) Topper's Talk by Aditya Pandey Rank 48 - 150623.mp4	NOT_UPLOADED
460.46	273) Toppers Talk  by Khusboo Oberoi Rank 139 - 140623.mp4	NOT_UPLOADED
1042.89	272) Topper's Talk by Jatin Jain Rank 91 - 130623.mp4	NOT_UPLOADED
Error processing file info: 'NoneType' object has no attribute 'startswith'
Error processing file info: 'NoneType' object has no attribute 'startswith'
Error processing file info: 'NoneType' object has no attribute 'startswith'
Error processing file info: 'NoneType' object has no attribute 'startswith'
Error processing file info: 'NoneType' object has no attribute 'startswith'
Error processing file info: 'NoneType' object has no attribute 'startswith'
Error processing file info: 'NoneType' object has no attribute 'startswith'
756.72	264) Topper's Talk - 290523.mp4	NOT_UPLOADED
1030.7	263) International Relations Class 23 - 240923.mp4	NOT_UPLOADED
1043.59	262) International Relations Class 22 - 200923.mp4	NOT_UPLOADED
989.92	261) International Relations Class 21 - 190923.mp4	NOT_UPLOADED
988.18	260) International Relations Class 20 - 160923.mp4	NOT_UPLOADED
1094.08	259) International Relations Class 19 - 150923.mp4	NOT_UPLOADED
1070.05	258) International Relations Class 18 - 140923.mp4	NOT_UPLOADED
1076.33	257) International Relations Class 17 - 130923.mp4	NOT_UPLOADED
1102.33	256) International Relations Class 16 - 120923.mp4	NOT_UPLOADED
1050.89	255) International Relations Class 15 - 050923.mp4	NOT_UPLOADED
1052.44	254) International Relations Class 14  - 040923.mp4	NOT_UPLOADED
1113.5	253) International Relations Class 13 - 020923.mp4	NOT_UPLOADED
1123.5	252) International Relations Class 12 - 010923.mp4	NOT_UPLOADED
1107.55	251) International Relations Class 11 - 290823.mp4	NOT_UPLOADED
1125.55	250) International Relations Class 10 - 280823.mp4	NOT_UPLOADED
1056.41	249) International Relations Class 09 - 240823.mp4	NOT_UPLOADED
1093.23	248) International Relations Class 08 - 230823.mp4	NOT_UPLOADED
1131.92	247) International Relations Class 07 - 220823.mp4	NOT_UPLOADED
984.54	246) International Relations Class 06 - 210823.mp4	NOT_UPLOADED
1028.48	245) International Relations Class 05 - 200823.mp4	NOT_UPLOADED
1109.45	244) International Relations Class 04 - 190823.mp4	NOT_UPLOADED
1070.09	243) International Relations Class 03 - 180823.mp4	NOT_UPLOADED
1052.35	242) International Relations Class 02 - 170823.mp4	NOT_UPLOADED
1062.91	241) International Relations Class 01 - 160823.mp4	NOT_UPLOADED
717.05	240) Art & Culture Class 15 - 291223.mp4	NOT_UPLOADED
981.26	239) Art And Culture Class 14 - 281223.mp4	NOT_UPLOADED
740.14	238) Art and Culture Class 13 - 101223.mp4	NOT_UPLOADED
972.45	237) Art and Culture Class 12 - 091223.mp4	NOT_UPLOADED
952.67	236) Art and Culture Class 11 - 071223.mp4	NOT_UPLOADED
722.15	235) Art and Culture Class 10 - 061223.mp4	NOT_UPLOADED
930.66	234) Art and Culture Class 09 - 051223.mp4	NOT_UPLOADED
923.75	233) Art and Culture Class 08 - 301123.mp4	NOT_UPLOADED
754.53	232) Art and Culture Class 07 - 291123.mp4	NOT_UPLOADED
968.18	231) Art and Culture Class 06 - 281123.mp4	NOT_UPLOADED
945.77	230) Art and Culture Class 05 - 261123.mp4	NOT_UPLOADED
918.91	229) Art and Culture Class 04 - 251123.mp4	NOT_UPLOADED
952.27	228) Art and Culture Class 03 - 231123.mp4	NOT_UPLOADED
933.44	227) Art and Culture Class 02 - 171123.mp4	NOT_UPLOADED
1034.53	226) Art and Culture Class 01 - 141123.mp4	NOT_UPLOADED
719.11	225) How to Read Newspaper Class - 141022.mp4	NOT_UPLOADED
1258.56	224) Modern Indian History Class 36 - 300123.mp4	NOT_UPLOADED
1314.78	223) Modern Indian History Class 35 - 280123.mp4	NOT_UPLOADED
1303.8	222) Modern Indian History Class 34 - 250123.mp4	NOT_UPLOADED
1267.15	221) Modern Indian History Class 33 - 190123.mp4	NOT_UPLOADED
1212.96	220) Modern Indian History Class 32 - 180123.mp4	NOT_UPLOADED
1237.01	219) Modern Indian History Class 31 - 120123.mp4	NOT_UPLOADED
1259.1	218) Modern Indian History Class 30 - 110123.mp4	NOT_UPLOADED
1213.71	217) Modern Indian History Class 29 - 100123.mp4	NOT_UPLOADED
1257.72	216) Modern Indian History Class 28 - 060123.mp4	NOT_UPLOADED
1242.64	215) Modern Indian History Class 27 - 050123.mp4	NOT_UPLOADED
1147.94	214) Modern Indian History Class 26 - 301222.mp4	NOT_UPLOADED
1127.1	213) Modern Indian History Class 25 - 271222.mp4	NOT_UPLOADED
1175.33	212) Modern Indian History Class 24 - 241222.mp4	NOT_UPLOADED
1270.86	211) Modern Indian History Class 23 - 231222.mp4	NOT_UPLOADED
1058.66	210) Modern Indian History Class 22 - 161222.mp4	NOT_UPLOADED
1213.29	209) Modern Indian History Class 21 - 151222.mp4	NOT_UPLOADED
1245.19	208) Modern Indian History Class 20 - 141222.mp4	NOT_UPLOADED
1227.11	207) Modern Indian History Class 19 - 131222.mp4	NOT_UPLOADED
1141.41	206) Modern Indian History Class 18 - 081222.mp4	NOT_UPLOADED
1143.85	205) Modern Indian History Class 17 - 071222.mp4	NOT_UPLOADED
1155.43	204) Modern Indian History Class 16 - 051222.mp4	NOT_UPLOADED
1109.13	203) Modern Indian History Class 15 - 031222.mp4	NOT_UPLOADED
1154.61	202) Modern Indian History Class 14 - 011222.mp4	NOT_UPLOADED
1173.09	201) Modern Indian History Class 13 - 291122.mp4	NOT_UPLOADED
901.2	200) Modern Indian History Class 12 - 261122.mp4	NOT_UPLOADED
892.09	199) Modern Indian History Class 11 - 251122.mp4	NOT_UPLOADED
893.85	198) Modern Indian History Class 10 - 231122.mp4	NOT_UPLOADED
911.71	197) Modern Indian History Class 09 - 181122.mp4	NOT_UPLOADED
880.99	196) Modern Indian History Class 08 - 171122.mp4	NOT_UPLOADED
934.17	195) Modern Indian History Class 07 - 151122.mp4	NOT_UPLOADED
894.89	194) Modern Indian History Class 06 - 141122.mp4	NOT_UPLOADED
901.13	193) Modern Indian History Class 05 - 121122.mp4	NOT_UPLOADED
844.22	192) Modern Indian History Class 04 - 111122.mp4	NOT_UPLOADED
903.6	191) Modern Indian History Class 03 - 101122.mp4	NOT_UPLOADED
898.12	190) Modern Indian History Class 02 - 041122.mp4	NOT_UPLOADED
888.24	189) Modern Indian History Class 01 - 031122.mp4	NOT_UPLOADED
1069.71	188) Geography Class 46 - 180723.mp4	NOT_UPLOADED
1089.08	187) Geography Class 45 - 170723.mp4	NOT_UPLOADED
979.2	186) Geography Class 44 - 140723.mp4	NOT_UPLOADED
954.98	185) Geography Class 43 - 050723.mp4	NOT_UPLOADED
1009.7	184) Geography Class 42 - 260623.mp4	NOT_UPLOADED
1020.39	183) Geography Class 41 - 140623.mp4	NOT_UPLOADED
1002.34	182) Geography Class 40 - 110623.mp4	NOT_UPLOADED
1022.39	181) Geography Class 39 - 100623.mp4	NOT_UPLOADED
977.91	180) Geography Class 38 - 040623.mp4	NOT_UPLOADED
979.57	179) Geography Class 37 - 060323.mp4	NOT_UPLOADED
890.99	178) Geography Class 36 - 280223.mp4	NOT_UPLOADED
982.43	177) Geography Class 35 - 210223.mp4	NOT_UPLOADED
999.67	176) Geography Class 34 - 200223.mp4	NOT_UPLOADED
1000.36	175) Geography Class 33 - 170223.mp4	NOT_UPLOADED
996.22	174) Geography Class 32 - 130223.mp4	NOT_UPLOADED
1022.93	173) Geography Class 31 - 100223.mp4	NOT_UPLOADED
1050.74	172) Geography Class 30 - 060223.mp4	NOT_UPLOADED
941.96	171) Geography Class 29 - 010223.mp4	NOT_UPLOADED
1005.63	170) Geography Class 28 - 310123.mp4	NOT_UPLOADED
1074.06	169) Geography Class 27 - 290123.mp4	NOT_UPLOADED
1053.48	168) Geography Class 26 - 240123.mp4	NOT_UPLOADED
1012.08	167) Geography Class 25 - 230123.mp4	NOT_UPLOADED
1001.05	166) Geography Class 24 - 200123.mp4	NOT_UPLOADED
1028.25	165) Geography Class 23 - 170123.mp4	NOT_UPLOADED
1064.62	164) Geography Class 22 - 160123.mp4	NOT_UPLOADED
973.02	163) Geography Class 21 - 090123.mp4	NOT_UPLOADED
1010.3	162) Geography Class 20 - 040123.mp4	NOT_UPLOADED
1048.94	161) Geography Class 19 - 030123.mp4	NOT_UPLOADED
903.25	160) Geography Class 18 - 020123.mp4	NOT_UPLOADED
976.39	159) Geography Class 17 - 281222.mp4	NOT_UPLOADED
1062.51	158) Geography Class 16 - 261222.mp4	NOT_UPLOADED
992.86	157) Geography Class 15 - 221222.mp4	NOT_UPLOADED
1018.79	156) Geography Class 14 - 201222.mp4	NOT_UPLOADED
950.32	155) Geography Class 13 - 181222.mp4	NOT_UPLOADED
1002.7	154) Geography Class 12 - 101222.mp4	NOT_UPLOADED
1010.27	153) Geography Class 11 - 091222.mp4	NOT_UPLOADED
1008.47	152) Geography Class 10 - 061222.mp4	NOT_UPLOADED
1029.87	151) Geography Class 09 - 301122.mp4	NOT_UPLOADED
782.7	150) Geography Class 08 - 241122.mp4	NOT_UPLOADED
775.4	149) Geography Class 07 - 211122.mp4	NOT_UPLOADED
776.86	148) Geography Class 06 - 301022.mp4	NOT_UPLOADED
544.48	147) Geography Class 05 - 211022.mp4	NOT_UPLOADED
735.48	146) Geography Class 04 - 201022.mp4	NOT_UPLOADED
835.89	145) Geography Class 03 - 131022.mp4	NOT_UPLOADED
780.72	144) Geography Class 02 - 121022.mp4	NOT_UPLOADED
582.5	143) Geography Class 01 - 111022.mp4	NOT_UPLOADED
903.35	142) Ethics_JG Class 09 - 220124.mp4	NOT_UPLOADED
968.12	141) Ethics Class 08 - 180124.mp4	NOT_UPLOADED
1019.67	140) Ethics Class 07 - 170124.mp4	NOT_UPLOADED
788.24	139) Ethics Class 06 - 160124.mp4	NOT_UPLOADED
934.74	138) Ethics_JG Class 05 - 130124.mp4	NOT_UPLOADED
1076.77	137) Ethics_JG Class 04 - 030124.mp4	NOT_UPLOADED
1031.61	136) Ethics_JG Class 03 - 020124.mp4	NOT_UPLOADED
856.55	135) Ethics_JG Class 02 A - 141223.mp4	NOT_UPLOADED
352.82	134) Ethics_JG Class 02 - 121223.mp4	NOT_UPLOADED
399.26	133) Ethics Class 17 - 101223.mp4	NOT_UPLOADED
1081.8	132) Ethics Class 01 - Jatin Gupta - 091223.mp4	NOT_UPLOADED
844.32	131) Ethics Class 16 - 271123.mp4	NOT_UPLOADED
851.66	130) Ethics Class 15 - 261123.mp4	NOT_UPLOADED
714.62	129) Ethics Class 14 - 211123.mp4	NOT_UPLOADED
893.68	128) Ethics Class 13 - 201123.mp4	NOT_UPLOADED
880.55	127) Ethics Class 12 - 091123.mp4	NOT_UPLOADED
838.75	126) Ethics Class 11 - 081123.mp4	NOT_UPLOADED
644.65	125) Ethics Class 10 - 311023.mp4	NOT_UPLOADED
807.4	124) Ethics Class 09 - 301023.mp4	NOT_UPLOADED
857.36	123) Ethics Class 08 - 291023.mp4	NOT_UPLOADED
746.91	122) Ethics Class 07 - 191023.mp4	NOT_UPLOADED
717.47	121) Ethics Class 06 - 181023.mp4	NOT_UPLOADED
893.4	120) Ethics Class 05 - 161023.mp4	NOT_UPLOADED
963.0	119) Ethics Class 04 - 141023.mp4	NOT_UPLOADED
893.96	118) Ethics Class 03 - 121023.mp4	NOT_UPLOADED
731.58	117) Ethics Class 02 - 111023.mp4	NOT_UPLOADED
921.49	116) Ethics Class 01 - 091023.mp4	NOT_UPLOADED
512.6	115) Essay Class 05 - 021223.mp4	NOT_UPLOADED
506.22	114) Essay Class 04 - 251123.mp4	NOT_UPLOADED
711.85	113) Essay Class 03 - 181123.mp4	NOT_UPLOADED
847.83	112) Essay Class 02 - 041123.mp4	NOT_UPLOADED
812.82	111) Essay Class 01 - 281023.mp4	NOT_UPLOADED
1067.67	110) Economics Class 46 - 110923.mp4	NOT_UPLOADED
1055.45	109) Economics Class 45 - 070923.mp4	NOT_UPLOADED
1054.7	108) Economics Class 44 - 060923.mp4	NOT_UPLOADED
1111.43	107) Economics Class 43 - 260823.mp4	NOT_UPLOADED
1073.51	106) Economics Class 42 - 250823.mp4	NOT_UPLOADED
1110.25	105) Economics Class 41 - 140823.mp4	NOT_UPLOADED
1080.21	104) Economics Class 40 - 120823.mp4	NOT_UPLOADED
1077.25	103) Economics Class 39 - 060823.mp4	NOT_UPLOADED
1071.52	102) Economics Class 38 - 050823.mp4	NOT_UPLOADED
1045.59	101) Economics Class 37 - 030823.mp4	NOT_UPLOADED
1108.35	100) Economics Class 36 - 290723.mp4	NOT_UPLOADED
1066.01	099) Economics Class 35 - 260723.mp4	NOT_UPLOADED
1071.68	098) Economics Class 34 - 250723.mp4	NOT_UPLOADED
1084.83	097) Economics Class 33 - 230723.mp4	NOT_UPLOADED
1122.35	096) Economics Class 32 - 220723.mp4	NOT_UPLOADED
1077.15	095) Economics Class 31 - 190723.mp4	NOT_UPLOADED
1105.04	094) Economics Class 30 - 250623.mp4	NOT_UPLOADED
1060.02	093) Economics Class 29 - 240623.mp4	NOT_UPLOADED
1035.05	092) Economics Class 28 - 230623.mp4	NOT_UPLOADED
1070.53	091) Economics Class 27 - 220623.mp4	NOT_UPLOADED
1048.92	090) Economics Class 26 - 210623.mp4	NOT_UPLOADED
1034.41	089) Economics Class 25 - 200623.mp4	NOT_UPLOADED
1038.49	088) Economics_RS Class 24 - 170623.mp4	NOT_UPLOADED
1071.84	087) Economics_RS Class 23 - 160623.mp4	NOT_UPLOADED
1085.7	086) Economics_RS Class 22 - 150623.mp4	NOT_UPLOADED
1089.4	085) Economics_RS Class 21 - 300523.mp4	NOT_UPLOADED
1030.01	084) Economics_RS Class 20 - 280523.mp4	NOT_UPLOADED
1040.21	083) Economics_RS Class 19 - 270523.mp4	NOT_UPLOADED
1077.31	082) Economics_RS Class 18 - 250523.mp4	NOT_UPLOADED
1065.18	081) Economics_RS Class 17 - 240523.mp4	NOT_UPLOADED
1113.05	080) Economics Class 16 - 200523.mp4	NOT_UPLOADED
1068.79	079) Economics Class 15 - 190523.mp4	NOT_UPLOADED
1039.87	078) Economics Class 14 - 180523.mp4	NOT_UPLOADED
1101.78	077) Economics_RS Class 13 - 270423.mp4	NOT_UPLOADED
1043.48	076) Economics_RS Class 12 - 260423.mp4	NOT_UPLOADED
1091.97	075) Economics_RS Class 11 - 250423.mp4	NOT_UPLOADED
1080.27	074) Economics_RS Class 10 - 240423.mp4	NOT_UPLOADED
1072.42	073) Economics_RS Class 09 - 210423.mp4	NOT_UPLOADED
1074.9	072) Economics_RS Class 08 - 200423.mp4	NOT_UPLOADED
1082.34	071) Economics_RS Class 07 - 170423.mp4	NOT_UPLOADED
1070.34	070) Economics_RS Class 06 - 160423.mp4	NOT_UPLOADED
1047.78	069) Economics_RS Class 05 - 150423.mp4	NOT_UPLOADED
1091.66	068) Economics_RS Class 04 - 280323.mp4	NOT_UPLOADED
1066.0	067) Economics_RS Class 03 - 220323.mp4	NOT_UPLOADED
1069.85	066) Economics_RS Class 02 - 210323.mp4	NOT_UPLOADED
1093.09	065) Economics_RS Class 01 - 200323.mp4	NOT_UPLOADED
1424.23	064) Environment Class 20 - 070124.mp4	NOT_UPLOADED
1267.83	063) Environment Class 19 - 070124.mp4	NOT_UPLOADED
887.12	062) Environment Class 18 - 060124.mp4	NOT_UPLOADED
859.28	061) Environment Class 17 - 060124.mp4	NOT_UPLOADED
803.84	060) Environment Class 16 - 050124.mp4	NOT_UPLOADED
899.98	059) Environment Class 15 - 050124.mp4	NOT_UPLOADED
851.27	058) Environment Class 14 - 040124.mp4	NOT_UPLOADED
796.88	057) Environment Class 13 - 030124.mp4	NOT_UPLOADED
725.71	056) Environment Class 12 - 020124.mp4	NOT_UPLOADED
1045.26	055) New Environment Class 11 - 301223.mp4	NOT_UPLOADED
777.19	054) New Environment Class 10 - 291223.mp4	NOT_UPLOADED
1028.07	053) New Environment Class 09 - 271223.mp4	NOT_UPLOADED
1069.94	052) New Environment Class 08 - 221223.mp4	NOT_UPLOADED
1072.43	051) New Environment Class 07 - 211223.mp4	NOT_UPLOADED
910.18	050) New Environment Class 06 - 161223.mp4	NOT_UPLOADED
973.58	049) New Environment Class 05 - 101123.mp4	NOT_UPLOADED
774.63	048) New Environment Class 04 - 211023.mp4	NOT_UPLOADED
1014.77	047) New Environment Class 03 - 151023.mp4	NOT_UPLOADED
1029.34	046) New Environment Class 02 - 101023.mp4	NOT_UPLOADED
1014.14	045) New Environment Class 01 - 041023.mp4	NOT_UPLOADED
1031.66	044) Environment Class 16 - 140823.mp4	NOT_UPLOADED
1114.73	043) Environment Class 15 - 130823.mp4	NOT_UPLOADED
1044.31	042) Environment Class 14 - 110823.mp4	NOT_UPLOADED
1146.18	041) Environment Class 13 - 090823.mp4	NOT_UPLOADED
1130.07	040) Environment Class 12 - 080823.mp4	NOT_UPLOADED
1044.12	039) Environment Class 11 - 070823.mp4	NOT_UPLOADED
1033.23	038) Environment Class 10 - 060823.mp4	NOT_UPLOADED
1182.84	037) Environment Class 09 - 120723.mp4	NOT_UPLOADED
1179.22	036) Environment Class 08 - 110723.mp4	NOT_UPLOADED
1159.13	035) Environment Class 07 - 100723.mp4	NOT_UPLOADED
1217.22	034) Environment Class 06 - 090723.mp4	NOT_UPLOADED
1039.13	033) Environment Class 05 - 080723.mp4	NOT_UPLOADED
1197.34	032) Environment Class 04 - 120523.mp4	NOT_UPLOADED
1128.99	031) Environment Class 03 - 110523.mp4	NOT_UPLOADED
1048.02	030) Environment Class 02 - 100523.mp4	NOT_UPLOADED
1107.24	029) Environment Class 01 - 090523.mp4	NOT_UPLOADED
1049.21	028) Disaster Management Class 04 - 030224.mp4	NOT_UPLOADED
995.53	027) Disaster Management Class 03 - 020224.mp4	NOT_UPLOADED
951.66	026) Disaster Management Class 02 - 010224.mp4	NOT_UPLOADED
912.32	025) Disaster Management Class 01 - 310124.mp4	NOT_UPLOADED
1111.02	024) Biology Class 07 - 270923.mp4	NOT_UPLOADED
1014.74	023) Biology Class 06 - 250923.mp4	NOT_UPLOADED
1015.22	022) Biology Class 05 - 220923.mp4	NOT_UPLOADED
1058.87	021) Biology Class 04 - 210923.mp4	NOT_UPLOADED
1078.56	020) Biology Class 03 - 190623.mp4	NOT_UPLOADED
1079.05	019) Biology Class 02 - 090623.mp4	NOT_UPLOADED
1088.28	018) Biology Class 01 - 080623.mp4	NOT_UPLOADED
1052.74	017) Answer Writing Session - 310723.mp4	NOT_UPLOADED
995.08	016) Medieval India Class 06 - 020723.mp4	NOT_UPLOADED
1037.07	015) Medieval India Class 05 - 010723.mp4	NOT_UPLOADED
1084.02	014) Medieval India Class 04 - 250623.mp4	NOT_UPLOADED
1044.35	013) Medieval India Class 03 - 240623.mp4	NOT_UPLOADED
1090.06	012) Medieval India Class 02 - 130623.mp4	NOT_UPLOADED
1095.35	011) Medieval India Class 01 - 120623.mp4	NOT_UPLOADED
755.49	010) Ancient India Class 10 - 161122.mp4	NOT_UPLOADED
761.68	009) Ancient India Class 09 - 071122.mp4	NOT_UPLOADED
815.83	008) Ancient India Class 08 - 021122.mp4	NOT_UPLOADED
801.45	007) Ancient India Class 07 - 011122.mp4	NOT_UPLOADED
801.31	006) Ancient India Class 06 - 311022.mp4	NOT_UPLOADED
792.43	005) Ancient India Class 05 - 291022.mp4	NOT_UPLOADED
809.98	004) Ancient India Class 04 - 271022.mp4	NOT_UPLOADED
817.72	003) Ancient India Class 03 - 191022.mp4	NOT_UPLOADED
831.69	002) Ancient India Class 02 - 181022.mp4	NOT_UPLOADED
853.85	001) Ancient India Class 01 - 171022.mp4	NOT_UPLOADED
Error processing file info: 'MessageMediaPhoto' object has no attribute 'document'
Error processing file info: 'MessageMediaPhoto' object has no attribute 'document'
Error processing file info: 'MessageMediaPhoto' object has no attribute 'document'
Error processing file info: 'MessageMediaPhoto' object has no attribute 'document'
807.89	210. Geography Class 40 - 18_11_22 1280x720.mkv	NOT_UPLOADED
824.02	209. Geography Class 39 - 17_11_22 1280x720.mkv	NOT_UPLOADED
844.42	208. Geography Class 38 - 16_11_22 1280x720.mkv	NOT_UPLOADED
752.72	207. Geography Class 37 - 15_11_22 1280x720.mkv	NOT_UPLOADED
829.31	206. Geography Class 36 - 13_11_22 1280x720.mkv	NOT_UPLOADED
782.56	205. Geography Class 35 - 12_11_22 1280x720.mkv	NOT_UPLOADED
799.37	204. Geography Class 34 - 11_11_22 1280x720.mkv	NOT_UPLOADED
794.04	203. Geography Class 33 - 04_11_22 1280x720.mkv	NOT_UPLOADED
796.59	202. Geography Class 32 - 03_11_22 1280x720.mkv	NOT_UPLOADED
852.91	200. Geography Class 30 - 01_11_22 1280x720.mkv	NOT_UPLOADED
845.22	199. Geography Class 29 - 31_10_22 1280x720.mkv	NOT_UPLOADED
843.49	198. Geography Class 28 - 30_10_22 1280x720.mkv	NOT_UPLOADED
865.78	197. Geography Class 27 - 29_10_22 1280x720.mkv	NOT_UPLOADED
871.73	196. Geography Class 26 - 28_10_22 1280x720.mkv	NOT_UPLOADED
903.01	195. Geography Class 25 - 27_10_22 1280x720.mkv	NOT_UPLOADED
820.93	194. Geography Class 24 - 20_10_22 1280x720.mkv	NOT_UPLOADED
847.28	193. Geography Class 23 - 17_10_22 1280x720.mkv	NOT_UPLOADED
835.48	192. Geography Class 22 - 11_10_22 1280x720.mkv	NOT_UPLOADED
579.12	191. Geography Class 21 - 03_10_22 1280x720.mkv	NOT_UPLOADED
789.89	190. Geography Class 20 - 30_09_22 1280x720.mkv	NOT_UPLOADED
807.36	189. Geography Class 19 - 29_09_22 1280x720.mkv	NOT_UPLOADED
805.34	188. Geography Class 18 - 24_09_22 1280x720.mkv	NOT_UPLOADED
871.06	187. Geography Class 17 - 23_09_22 1280x720.mkv	NOT_UPLOADED
819.39	186. Geography Class 16 - 20_09_22 1280x720.mkv	NOT_UPLOADED
847.98	185. Geography Class 15 - 19_09_22 1280x720.mkv	NOT_UPLOADED
879.75	184. Geography Class 14 - 18_09_22 1280x720.mkv	NOT_UPLOADED
851.72	183. Geography Class 13 - 13_09_22 1280x720.mkv	NOT_UPLOADED
837.99	182. Geography Class 12 - 07_09_22 1280x720.mkv	NOT_UPLOADED
901.24	181. Geography Class 11 - 06_09_22 1280x720.mkv	NOT_UPLOADED
836.79	180. Geography Class 10 - 30_08_22 1280x720.mkv	NOT_UPLOADED
784.17	179. Geography Class 09 - 24_08_22 1280x720.mkv	NOT_UPLOADED
824.31	178. Geography Class 08 - 06_08_22 1280x720.mkv	NOT_UPLOADED
825.24	177. Geography Class 07 - 27_07_22 1280x720.mkv	NOT_UPLOADED
838.65	176. Geography Class 06 - 26_07_22 1280x720.mkv	NOT_UPLOADED
816.71	175. Geography Class 05 - 25_07_22 1280x720.mkv	NOT_UPLOADED
702.75	174. Geography Class 04 - 14_07_22 1280x720.mkv	NOT_UPLOADED
837.77	173. Geography Class 03 - 11_07_22 1280x720.mkv	NOT_UPLOADED
835.25	172. Geography Class 02 - 09_07_22 1280x720.mkv	NOT_UPLOADED
866.12	171. Geography Class 01 - 08_07_22 1280x720.mkv	NOT_UPLOADED
842.43	161. Ethics_JG Class 08 - 24_08_23 1280x720.mkv	NOT_UPLOADED
1125.09	160. Ethics_JG Class 07 - 24_08_23 1280x720.mkv	NOT_UPLOADED
998.74	159. Ethics Case Study Class 02 - 23_08_23 1280x720.mkv	NOT_UPLOADED
1033.22	158. Ethics Case Study Class 01 - 22_08_23 1280x720.mkv	NOT_UPLOADED
1108.46	157. Ethics_JG Class 06 - 22_08_23 1280x720.mkv	NOT_UPLOADED
998.44	156. Ethics_JG Class 05 - 21_08_23 1280x720.mkv	NOT_UPLOADED
1120.74	155. Ethics_JG Class 04 - 20_08_23 1280x720.mkv	NOT_UPLOADED
1072.67	154. Ethics_JG Class 03 - 19_08_23 1280x720.mkv	NOT_UPLOADED
1172.2	100. Economics Class 43 - 28_03_23 1280x720.mkv	NOT_UPLOADED
1169.83	099. Economics Class 42 - 27_03_23 1280x720.mkv	NOT_UPLOADED
1100.23	098. Economics Class 41 - 25_03_23 1280x720.mkv	NOT_UPLOADED
1082.51	097. Economics Class 40 - 22_03_23 1280x720.mkv	NOT_UPLOADED
931.32	096. Economics Class 39 - 20_03_23 1280x720.mkv	NOT_UPLOADED
1148.84	095. Economics Class 38 - 18_03_23 1280x720.mkv	NOT_UPLOADED
1236.82	094. Economics Class 37 - 14_03_23 1280x720.mkv	NOT_UPLOADED
1244.37	093. Economics Class 36 - 13_03_23 1280x720.mkv	NOT_UPLOADED
1188.44	092. Economics Class 35 - 07_03_23 1280x720.mkv	NOT_UPLOADED
1116.58	091. Economics Class 34 - 03_03_23 1280x720.mkv	NOT_UPLOADED
1127.85	090. Economics Class 33 - 02_03_23 1280x720.mkv	NOT_UPLOADED
988.88	153. Ethics_JG Class 02 - 18_08_23 1280x720.mkv	NOT_UPLOADED
1015.5	152. Ethics_JG Class 01 - 17_08_23 1280x720.mkv	NOT_UPLOADED
893.03	151. Ethics Class 10 - 12_08_23 1280x720.mkv	NOT_UPLOADED
935.73	150. Ethics Class 09 - 10_08_23 1280x720.mkv	NOT_UPLOADED
858.31	149. Ethics Class 08 - 09_08_23 1280x720.mkv	NOT_UPLOADED
1045.05	148. Ethics Class 07 - 05_08_23 1280x720.mkv	NOT_UPLOADED
973.36	147. Ethics Class 06 - 01_08_23 1280x720.mkv	NOT_UPLOADED
993.94	146. Ethics Class 05 - 29_07_23 1280x720.mkv	NOT_UPLOADED
954.34	145. Ethics Class 04 - 27_07_23 1280x720.mkv	NOT_UPLOADED
988.41	144. Recorded Ethics Case Study Class 05 - 27_07_23 1280x720.mkv	NOT_UPLOADED
1164.5	143. Recorded Ethics Case Study Class 04 - 27_07_23 1280x720.mkv	NOT_UPLOADED
1148.71	142. Recorded Ethics Case Study Class 03 - 27_07_23 1280x720.mkv	NOT_UPLOADED
1071.59	141. Recorded Ethics Case Study Class 02 - 27_07_23 1280x720.mkv	NOT_UPLOADED
1032.29	140. Recorded Ethics Case Study Class 01 - 27_07_23 1280x720.mkv	NOT_UPLOADED
968.01	139. Ethics Class 03 - 23_07_23 1280x720.mkv	NOT_UPLOADED
997.46	138. Ethics Class 02 - 22_07_23 1280x720.mkv	NOT_UPLOADED
916.46	137. Ethics Class 01 - 21_07_23 1280x720.mkv	NOT_UPLOADED
1057.45	136. Recorded Ethics_JG Class 01 - 08_07_23 1280x720.mkv	NOT_UPLOADED
667.84	135. Recorded Ethics Class 06 - 08_07_23 1280x720.mkv	NOT_UPLOADED
541.73	134. Recorded Ethics Class 16 - 08_07_23 1280x720.mkv	NOT_UPLOADED
705.45	133. Recorded Ethics Class 05 - 08_07_23 1280x720.mkv	NOT_UPLOADED
1081.17	132. Recorded Ethics Class 15 - 08_07_23 1280x720.mkv	NOT_UPLOADED
745.59	131. Recorded Ethics Class 04 - 08_07_23 1280x720.mkv	NOT_UPLOADED
937.75	130. Recorded Ethics Class 14 - 08_07_23 1280x720.mkv	NOT_UPLOADED
730.78	129. Recorded Ethics Class 03 - 08_07_23 1280x720.mkv	NOT_UPLOADED
835.21	128. Recorded Ethics_JG Class 08 - 08_07_23 1280x720.mkv	NOT_UPLOADED
936.8	127. Recorded Ethics Class 13 - 08_07_23 1280x720.mkv	NOT_UPLOADED
710.2	126. Recorded Ethics Class 02 - 08_07_23 1280x720.mkv	NOT_UPLOADED
1097.31	125. Recorded Ethics_JG Class 07 - 08_07_23 1280x720.mkv	NOT_UPLOADED
928.4	124. Recorded Ethics Class 12 - 08_07_23 1280x720.mkv	NOT_UPLOADED
694.75	123. Recorded Ethics Class 01 - 08_07_23 1280x720.mkv	NOT_UPLOADED
814.0	122. Recorded Ethics_JG Class 06 - 08_07_23 1280x720.mkv	NOT_UPLOADED
1050.74	121. Recorded Ethics Class 11 - 08_07_23 1280x720.mkv	NOT_UPLOADED
773.42	120. Recorded Ethics_JG Class 05 - 08_07_23 1280x720.mkv	NOT_UPLOADED
716.88	119. Recorded Ethics Class 10 - 08_07_23 1280x720.mkv	NOT_UPLOADED
987.55	118. Recorded Ethics_JG Class 04 - 08_07_23 1280x720.mkv	NOT_UPLOADED
1047.15	117. Recorded Ethics Class 09 - 08_07_23 1280x720.mkv	NOT_UPLOADED
972.36	116. Recorded Ethics_JG Class 03 - 08_07_23 1280x720.mkv	NOT_UPLOADED
686.8	115. Recorded Ethics Class 08 - 08_07_23 1280x720.mkv	NOT_UPLOADED
705.59	114. Recorded Ethics_JG Class 02 - 08_07_23 1280x720.mkv	NOT_UPLOADED
1077.93	113. Recorded Ethics Class 07 - 08_07_23 1280x720.mkv	NOT_UPLOADED
947.48	112. Economics Class 55 - 13_04_23 1280x720.mkv	NOT_UPLOADED
1170.32	111. Economics Class 54 - 11_04_23 1280x720.mkv	NOT_UPLOADED
1136.2	110. Economics Class 53 - 10_04_23 1280x720.mkv	NOT_UPLOADED
1274.1	109. Economics Class 52 - 07_04_23 1280x720.mkv	NOT_UPLOADED
1133.67	108. Economics Class 51 - 06_04_23 1280x720.mkv	NOT_UPLOADED
1152.34	107. Economics Class 50 - 05_04_23 1280x720.mkv	NOT_UPLOADED
1141.77	106. Economics Class 49 - 04_04_23 1280x720.mkv	NOT_UPLOADED
1157.27	105. Economics Class 48 - 03_04_23 1280x720.mkv	NOT_UPLOADED
1005.73	104. Economics Class 47 - 01_04_23 1280x720.mkv	NOT_UPLOADED
1032.88	103. Economics Class 46 - 31_03_23 1280x720.mkv	NOT_UPLOADED
1096.33	102. Economics Class 45 - 30_03_23 1280x720.mkv	NOT_UPLOADED
1164.12	101. Economics Class 44 - 29_03_23 1280x720.mkv	NOT_UPLOADED
1090.08	089. Economics Class 32 - 01_03_23 1280x720.mkv	NOT_UPLOADED
1123.49	088. Economics Class 31 - 28_02_23 1280x720.mkv	NOT_UPLOADED
1119.55	087. Economics Class 30 - 27_02_23 1280x720.mkv	NOT_UPLOADED
1127.84	086. Economics Class 29 - 25_02_23 1280x720.mkv	NOT_UPLOADED
1252.76	085. Economics Class 28 - 22_02_23 1280x720.mkv	NOT_UPLOADED
1062.49	084. Economics Class 27 - 21_02_23 1280x720.mkv	NOT_UPLOADED
1106.13	083. Economics Class 26 - 20_02_23 1280x720.mkv	NOT_UPLOADED
1183.56	082. Economics Class 25 - 18_02_23 1280x720.mkv	NOT_UPLOADED
1062.92	081. Economics Class 24 - 17_02_23 1280x720.mkv	NOT_UPLOADED
1097.59	080. Economics Class 23 - 14_02_23 1280x720.mkv	NOT_UPLOADED
1090.12	079. Economics Class 22 - 13_02_23 1280x720.mkv	NOT_UPLOADED
1118.29	078. Economics Class 21 - 11_02_23 1280x720.mkv	NOT_UPLOADED
1085.53	077. Economics Class 20 - 10_02_23 1280x720.mkv	NOT_UPLOADED
1051.58	076. Economics Class 19 - 08_02_23 1280x720.mkv	NOT_UPLOADED
1162.61	075. Economics Class 18 - 07_02_23 1280x720.mkv	NOT_UPLOADED
1179.51	074. Economics Class 17 - 06_02_23 1280x720.mkv	NOT_UPLOADED
1060.2	073. Economics Class 16 - 04_02_23 1280x720.mkv	NOT_UPLOADED
1100.46	072. Economics Class 15 - 04_02_23 1280x720.mkv	NOT_UPLOADED
1189.47	071. Economics Class 14 - 03_02_23 1280x720.mkv	NOT_UPLOADED
987.75	070. Economics Class 13 - 02_02_23 1280x720.mkv	NOT_UPLOADED
1090.24	069. Economics Class 12 - 01_02_23 1280x720.mkv	NOT_UPLOADED
1111.38	068. Economics Class 11 - 31_01_23 1280x720.mkv	NOT_UPLOADED
1195.02	067. Economics Class 10 - 30_01_23 1280x720.mkv	NOT_UPLOADED
1067.5	066. Economics Class 09 - 20_12_22 1280x720.mkv	NOT_UPLOADED
1129.87	065. Economics Class 08 - 16_12_22 1280x720.mkv	NOT_UPLOADED
1061.26	064. Economics Class 07 - 15_12_22 1280x720.mkv	NOT_UPLOADED
893.06	063. Economics Class 06 - 13_12_22 1280x720.mkv	NOT_UPLOADED
828.74	062. Economics Class 05 - 02_12_22 1280x720.mkv	NOT_UPLOADED
869.41	061. Economics Class 04 - 28_11_22 1280x720.mkv	NOT_UPLOADED
828.68	060. Economics Class 03 - 26_11_22 1280x720.mkv	NOT_UPLOADED
813.29	059. Economics Class 02 - 23_11_22 1280x720.mkv	NOT_UPLOADED
777.14	058. Economics Class 01 - 21_11_22 1280x720.mkv	NOT_UPLOADED
1231.33	057. Environment Class 19 - 17_01_23 1280x720.mkv	NOT_UPLOADED
1011.73	056. Environment Class 18 - 16_01_23 1280x720.mkv	NOT_UPLOADED
521.47	055. Environment Class 17 - 12_01_23 1280x720.mkv	NOT_UPLOADED
1056.47	054. Environment Class 16 - 10_01_23 1280x720.mkv	NOT_UPLOADED
1051.12	053. Environment Class 15 - 09_01_23 1280x720.mkv	NOT_UPLOADED
1009.83	052. Environment Class 14 - 08_01_23 1280x720.mkv	NOT_UPLOADED
1024.37	051. Environment Class 13 - 24_12_22 1280x720.mkv	NOT_UPLOADED
1093.21	050. Environment Class 12 - 21_12_22 1280x720.mkv	NOT_UPLOADED
1034.33	049. Environment Class 11 - 17_12_22 1280x720.mkv	NOT_UPLOADED
978.62	048. Environment Class 10 - 08_12_22 1280x720.mkv	NOT_UPLOADED
1018.1	047. Environment Class 09 - 07_12_22 1280x720.mkv	NOT_UPLOADED
1058.14	046. Environment Class 08 - 04_12_22 1280x720.mkv	NOT_UPLOADED
773.62	045. Environment Class 07 - 24_11_22 1280x720.mkv	NOT_UPLOADED
826.46	044. Environment Class 06 - 22_10_22 1280x720.mkv	NOT_UPLOADED
796.01	043. Environment Class 05 - 16_10_22 1280x720.mkv	NOT_UPLOADED
777.32	042. Environment Class 04 - 10_10_22 1280x720.mkv	NOT_UPLOADED
640.58	041. Environment Class 03 - 07_10_22 1280x720.mkv	NOT_UPLOADED
828.63	040. Environment Class 02 - 01_10_22 1280x720.mkv	NOT_UPLOADED
770.87	039. Environment Class 01 - 22_09_22 1280x720.mkv	NOT_UPLOADED
1095.86	038. Disaster Management Class 02 - 15_04_23 1280x720.mkv	NOT_UPLOADED
984.2	037. Disaster Management Class 01 - 14_04_23 1280x720.mkv	NOT_UPLOADED
910.73	036. Additional Science Class 01 - 16_11_22 1280x720.mkv	NOT_UPLOADED
622.06	035. Additional Science Class 06 - 16_11_22 1280x720.mkv	NOT_UPLOADED
848.04	034. Additional Science Class 05 - 16_11_22 1280x720.mkv	NOT_UPLOADED
873.19	033. Additional Science Class 04 - 16_11_22 1280x720.mkv	NOT_UPLOADED
866.57	032. Additional Science Class 03 - 16_11_22 1280x720.mkv	NOT_UPLOADED
855.54	031. Additional Science Class 02 - 16_11_22 1280x720.mkv	NOT_UPLOADED
815.0	030. Biology Class 06 - 23_08_22 1280x720.mkv	NOT_UPLOADED
755.48	029. Biology Class 05 - 18_08_22 1280x720.mkv	NOT_UPLOADED
776.96	028. Biology Class 04 - 12_08_22 1280x720.mkv	NOT_UPLOADED
868.0	027. Biology Class 03 - 18_07_22 1280x720.mkv	NOT_UPLOADED
823.12	026. Biology Class 02 - 16_07_22 1280x720.mkv	NOT_UPLOADED
839.75	025. Biology Class 01 - 15_07_22 1280x720.mkv	NOT_UPLOADED
919.5	024. Answer Writing Session Class - 21_07_22 1280x720.mkv	NOT_UPLOADED
764.29	023_Ancient_and_Medieval_History_Class_12_16_07_23_1280x720.mkv	NOT_UPLOADED
894.27	022_Ancient_and_Medieval_History_Class_11_12_07_23_1280x720.mkv	NOT_UPLOADED
919.74	021_Ancient_and_Medieval_History_Class_10_11_07_23_1280x720.mkv	NOT_UPLOADED
968.11	020_Ancient_and_Medieval_History_Class_09_10_07_23_1280x720.mkv	NOT_UPLOADED
789.66	019_Ancient_and_Medieval_History_Class_08_11_05_23_1280x720.mkv	NOT_UPLOADED
967.92	018_Ancient_and_Medieval_History_Class_07_11_05_23_1280x720.mkv	NOT_UPLOADED
986.21	017_Ancient_and_Medieval_History_Class_06_10_05_23_1280x720.mkv	NOT_UPLOADED
953.22	016_Ancient_and_Medieval_History_Class_05_09_05_23_1280x720.mkv	NOT_UPLOADED
998.8	015_Ancient_and_Medieval_History_Class_04_08_05_23_1280x720.mkv	NOT_UPLOADED
967.45	014_Ancient_and_Medieval_History_Class_03_08_05_23_1280x720.mkv	NOT_UPLOADED
1060.27	013_Ancient_and_Medieval_History_Class_02_04_05_23_1280x720.mkv	NOT_UPLOADED
951.85	012_Ancient_and_Medieval_History_Class_01_02_05_23_1280x720.mkv	NOT_UPLOADED
745.48	011_Recorded_Ancient_and_Medieval_History_Class_01_28_02_23_1280x720.mkv	NOT_UPLOADED
609.21	010_Recorded_Ancient_and_Medieval_History_Class_11_28_02_23_1280x720.mkv	NOT_UPLOADED
683.4	009_Recorded_Ancient_and_Medieval_History_Class_10_28_02_23_1280x720.mkv	NOT_UPLOADED
780.19	008_Recorded_Ancient_and_Medieval_History_Class_09_28_02_23_1280x720.mkv	NOT_UPLOADED
750.74	007_Recorded_Ancient_and_Medieval_History_Class_08_28_02_23_1280x720.mkv	NOT_UPLOADED
768.69	006_Recorded_Ancient_and_Medieval_History_Class_07_28_02_23_1280x720.mkv	NOT_UPLOADED
788.66	005_Recorded_Ancient_and_Medieval_History_Class_06_28_02_23_1280x720.mkv	NOT_UPLOADED
660.27	004_Recorded_Ancient_and_Medieval_History_Class_05_28_02_23_1280x720.mkv	NOT_UPLOADED
715.5	003_Recorded_Ancient_and_Medieval_History_Class_04_28_02_23_1280x720.mkv	NOT_UPLOADED
731.38	002_Recorded_Ancient_and_Medieval_History_Class_03_28_02_23_1280x720.mkv	NOT_UPLOADED
765.28	001_Recorded_Ancient_and_Medieval_History_Class_02_28_02_23_1280x720.mkv	NOT_UPLOADED
